adairsville,adairsville
allatoona,allatoona
cartersvilleeast,cartersvilleeast
cartersvillewest,cartersvillewest
cassville,cassville
center,center
emerson,emerson
euharlee,euharlee
folsom,folsom
kingston,kingston
missionroad,missionroad
pinelog,pinelog
taylorsville,taylorsville
white,white
woodlandhigh,woodland
zenadrive,zenadrive
