airacres,airacres
arnoldmill,arnoldmill
avery,avery
ballground,ballground
bascomb,bascomb
bells,bells
booth,booth
bradshaw,bradshaw
bridgemill,bridgemill
canton,canton
carmel,carmel
clayton,clayton
connscreek,connscreek
deerrun,deerrun
dixie,dixie
freehome,freehome
hickoryflat,hickoryflat
hightower,hightower
hillside,hillside
hollysprings,hollysprings
kellogg,kellogg
liberty,liberty
littleriver,littleriver
macedonia,macedonia
mountainroad,mountainroad
neese,neese
oakgrove,oakgrove
rmmoore,rmmoore
rosecreek,rosecreek
rtjones,rtjones
salacoa,salacoa
sixes,sixes
sutallee,sutallee
teasley,teasley
toonigh,toonigh
unionhill,unionhill
univeter,univeter
victoria,victoria
waleska,waleska
wildcat,wildcat
woodlands,woodlands
woodstock,woodstock
