acworth1a,acworth1a
acworth1b,acworth1b
acworth1c,acworth1c
addison01,addison01
austell1a,austell1a
baker01,baker01
bellsferry02,bellsferry02
bellsferry03,bellsferry03
bigshanty01,bigshanty01
bigshanty02,bigshanty02
birney01,birney01
birney02,birney02
blackwell01,blackwell01
bryant01,bryant01
bryant02,bryant02
chalker01,chalker01
chattahoochee01,chattahoochee01
cheathamhill02,cheathamhill02
cheathamhill03,cheathamhill03
chestnutridge01,chestnutridge01
clarkdale01,clarkdale01
clarkdale02,clarkdale02
cooper01,cooper01
davis01,davis01
dickerson01,dickerson01
dobbins01,dobbins01
dodgen01,dodgen01
dowell01,dowell01
durham01,durham01
eastpiedmont01,eastpiedmont01
eastside01,eastside01
eastside02,eastside02
elizabeth01,elizabeth01
elizabeth02,elizabeth02
elizabeth03,elizabeth03
elizabeth04,elizabeth04
elizabeth05,elizabeth05
fairoaks02,fairoaks02
fairoaks04,fairoaks04
ford01,ford01
frey01,frey01
fullerspark01,fullerspark01
garrisonmill01,garrisonmill01
gritters01,gritters01
harmony-leland01,harmony-leland01
harrison01,harrison01
hayes01,hayes01
hightower01,hightower01
kell01,kell01
kemp01,kemp01
kemp02,kemp02
kemp03,kemp03
kennesaw1a,kennesaw1a
kennesaw2a,kennesaw2a
kennesaw3a,kennesaw3a
kennesaw4a,kennesaw4a
kennesaw5a,kennesaw5a
lassiter01,lassiter01
lindley01,lindley01
lostmountain01,lostmountain01
lostmountain02,lostmountain02
lostmountain03,lostmountain03
lostmountain04,lostmountain04
mableton01,mableton01
mableton02,mableton02
mableton03,mableton03
mableton04,mableton04
mabry01,mabry01
macland01,macland01
marietta1a,marietta1a
marietta2a,marietta2a
marietta2b,marietta2b
marietta3a,marietta3a
marietta4a,marietta4a
marietta4b,marietta4b
marietta4c,marietta4c
marietta5a,marietta5a
marietta5b,marietta5b
marietta6a,marietta6a
marietta6b,marietta6b
marietta7a,marietta7a
marshill01,marshill01
marshill02,marshill02
mccleskey01,mccleskey01
mcclure01,mcclure01
mceachern01,mceachern01
mountbethel01,mtbethel01
mountbethel03,mtbethel03
mountbethel04,mtbethel04
murdock01,murdock01
nicholson01,nicholson01
nickajack01,nickajack01
northcobb01,northcobb01
nortonpark01,nortonpark01
oakdale01,oakdale01
oregon01,oregon01
oregon02,oregon02
oregon03,oregon03
oregon04,oregon04
oregon05,oregon05
palmer01,palmer01
pebblebrook01,pebblebrook01
pinemountain01,pinemountain01
pinemountain02,pinemountain02
pitner01,pitner01
pope01,pope01
postoak01,postoak01
powdersprings1a,powdersprings1a
powdersprings2a,powdersprings2a
powdersprings3a,powdersprings3a
powersferry01,powersferry01
riverside01,riverside01
rockymount01,rockymount01
roswell01,roswell01
roswell02,roswell02
sandyplains01,sandyplains01
sewellmill01,sewellmill01
sewellmill03,sewellmill03
shallowfordfalls01,shallowfordfalls01
simpson01,simpson01
smyrna1a,smyrna1a
smyrna2a,smyrna2a
smyrna3a,smyrna3a
smyrna4a,smyrna4a
smyrna5a,smyrna5a
smyrna6a,smyrna6a
smyrna7a,smyrna7a
sopecreek01,sopecreek01
sopecreek02,sopecreek02
sopecreek03,sopecreek03
sweetwater01,sweetwater01
sweetwater02,sweetwater02
terrellmill01,terrellmill01
timberridge01,timberridge01
vaughan01,vaughan01
vinings01,vinings01
vinings02,vinings02
vinings03,vinings03
vinings04,vinings04
wadegreen02,wadegreen02
willeo01,willeo01
