abilenebaptist,abilenebaptist
augustachristian,augustachristian
belairbaptist,belairbaptistchurch
bessiethomascenter,bessiethomascenter
blanchardpark,blanchardpark
blueridgeelementary,blueridgeelementary
christchurch,"christchurch,presbyterian"
christsanctified,christsanctified
christthekingluthch,christthekingch
churchofoursavior,churchofoursavior
colctybdofedu,colctyboardofedu
colctymainlibrary,colctymainlibrary
damascusbaptistchurch,damascusbaptchurch
eubank/blanchardcenter,eubank/blanchardctr
gaapostolicchurch,gaapostolicchurch
genesischurch,genesischurch
goldcrossems,goldcrossems
gospelwaterbranch,gospelwaterbranch
gracebaptistchurch,gracebaptistchurch
greenbrierhigh,greenbrierhigh
grovetownmethodistchurch,grovetownmethodist
grovetownmiddleschool,grovetownmiddlesch
harlembranch,harlembranchlibrary
journeycomm.church,journeycomm.church
kiokeebaptistchurch,kiokeebaptchurch
lakesidemiddle,lakesidemiddle
lewismethodistchurch,lewismethodist
libertypark,libertypark-grovetown
martinezbaptist,martinezbaptist
marvinmethodistchurch,marvinmethodist
mtzcolfiredept#4,mtzcolfiredept#4
mtzcolfirehdqtr,mtzcolfirehdqtr.
newlifechurch,newlifechurch
patriotspark,patriotspark
philadelphiachurch,philadelphiachurch
redeemerchurch,redeemerchurch
riversideelementary,riversideelementary
secondmt.carmel,secondmt.carmelbaptistchurch
stevenscreekchurch,stevenscreekchurch
stevenscreekelem,stevenscreekelem
trinitybaptchurch,trinitybaptchurch
warrenbaptist,warrenbaptistchurch-grovetown
wesleymethodist,wesleymethodist
westacresbaptist,westacresbaptist
westsidebaptchurch,westsidebaptchurch
woodlawnbaptistchurch,woodlawnbaptchurch
