albanymiddleschool,albanymiddleschool
alicecoachmanelem,alicecoachmanelem
billmillercenter,billmillercenter
carverteencenter,carverteencenter
christchurch,christchurch
covenantpreschurch,covenantchurch
dartoncollege,dartoncollege
firstchristianchurch,1stchristianchurch
greenbriarchurch,greenbriarchurch
internationalstudie,internationalstudie
jacksonheightselem,jacksonheightselem
lamarreeseelemschool,lamarreeseelemsch
litmancathedral,litmancathedral
lovetthall,lovetthall
merryacresmiddle,merryacresmiddle
mt.zioncenter,mtzioncenter
palmyrardmethchurch,palmyramethchurch
phoebeeast,phoebeeast
phoebehealthworks,phoebehealthworks
pinebluffbaptchurch,pinebluffbaptchur
putney1stbaptchurch,putney1stbaptchur
radiummiddleschool,radiummiddleschool
secondmt.zion,2ndmtzionchurch
sherwoodelemschool,sherwoodelemschool
shilohbaptistchurch,shilohbaptistchurc
turnerelemschool,turnerelemschool
westoverhighschool,westoverhighschool
westtownelemschool,westtownelemschool
