aberdeen,aberdeen
antioch,antioch
banks,banks
blackrock,blackrock
braelinn,braelinn
brooks,brooks
campcreek,campcreek
dogwood,dogwood
europe,europe
fayettevilleeast,fayettevilleeast
fayettevillewest,fayettevillewest
fieldingridge,fieldingridge
flatcreek,flatcreek
flint,flint
harpscrossing,harpscrossing
hopeful,hopeful
jeffdavis,jeffdavis
kedron,kedron
kenwood,kenwood
mcintosh,mcintosh
morningcreek,morningcreek
murphy,murphy
oakgrove,oakgrove
oakridge,oakridge
rareover,rareover
risingstar,risingstar
sandycreek,sandycreek
shakerageast,shakerageast
shakeragwest,shakeragwest
springhill,springhill
starrsmill,starrsmill
whitewater,whitewater
willowbend,willowbend
willowpond,willowpond
windgate,windgate
woolsey,woolsey
