35catesd-04,catesd
baycreeka,baycreeka
baycreekb,baycreekb
baycreekc,baycreekc
baycreekd,baycreekd
baycreeke,baycreeke
baycreekf,baycreekf
baycreekg,baycreekg
baycreekh,baycreekh
baycreeki,baycreeki
baycreekj,baycreekj
baycreekk,baycreekk
berkshirea,berkshirea
berkshireb,berkshireb
berkshired,berkshired
berkshiree,berkshiree
berkshiref,berkshiref
berkshireg,berkshireg
berkshireh,berkshireh
berkshirej,berkshirej
berkshirel,berkshirel
berkshirem,berkshirem
berkshiren,berkshiren
berkshireo,berkshireo
berkshirep,berkshirep
berkshireq,berkshireq
catesa,catesa
catesb,catesb
catesc,catesc
catesd,catesd
catese,catese
catesf,catesf
catesg,catesg
catesh,catesh
catesi,catesi
catesj,catesj
catesk,catesk
catesl,catesl
catesm,catesm
catesn,catesn
cateso,cateso
dacula,dacula
dulutha,dulutha
duluthb,duluthb
duluthc,duluthc
duluthd,duluthd
duluthe,duluthe
duluthf,duluthf
duluthg,duluthg
duluthh,duluthh
duluthi,duluthi
duluthk,duluthk
duncansa,duncansa
duncansb,duncansb
duncansc,duncansc
duncansd,duncansd
garnersa,garnersa
garnersb,garnersb
garnersc,garnersc
garnersd,garnersd
garnersf,garnersf
goodwinsa,goodwinsa
goodwinsb,goodwinsb
goodwinsc,goodwinsc
goodwinsd,goodwinsd
goodwinse,goodwinse
goodwinsf,goodwinsf
goodwinsg,goodwinsg
goodwinsh,goodwinsh
goodwinsi,goodwinsi
harbinsa,harbinsa
harbinsb,harbinsb
harbinsc,harbinsc
hogmountaina,hogmountaina
hogmountainb,hogmountainb
hogmountainc,hogmountainc
hogmountaind,hogmountaind
lawrencevillea,lawrencevillea
lawrencevilleb,lawrencevilleb
lawrencevillec,lawrencevillec
lawrencevilled,lawrencevilled
lawrencevillee,lawrencevillee
lawrencevillef,lawrencevillef
lawrencevilleg,lawrencevilleg
lawrencevilleh,lawrencevilleh
lawrencevillei,lawrencevillei
lawrencevillej,lawrencevillej
lawrencevillek,lawrencevillek
lawrencevillel,lawrencevillel
lawrencevillem,lawrencevillem
lawrencevillen,lawrencevillen
martinsa,martinsa
martinsb,martinsb
martinsc,martinsc
martinsd,martinsd
martinse,martinse
martinsf,martinsf
martinsg,martinsg
martinsh,martinsh
martinsi,martinsi
martinsj,martinsj
martinsk,martinsk
pinckneyvillea,pinkcneyvillea
pinckneyvillea1,pinckneyvillea1
pinckneyvilleb,pinckneyvilleb
pinckneyvillec,pinckneyvillec
pinckneyvilled,pinckneyvilled
pinckneyvillee,pinckneyvillee
pinckneyvillef,pinckneyvillef
pinckneyvilleh,pinckneyvilleh
pinckneyvillei,pinckneyvillei
pinckneyvillej,pinckneyvillej
pinckneyvillek,pinckneyvillek
pinckneyvillel,pinckneyvillel
pinckneyvillem,pinckneyvillem
pinckneyvillen,pinckneyvillen
pinckneyvilleo,pinckneyvilleo
pinckneyvillep,pinckneyvillep
pinckneyvilleq,pinckneyvilleq
pinckneyvilles,pinckneyvilles
pinckneyvillet,pinckneyvillet
pinckneyvilleu,pinckneyvilleu
pinckneyvillev,pinckneyvillev
pinckneyvillew,pinckneyvillew
pinckneyvillex,pinckneyvillex
pinckneyvilley,pinckneyvilley
pinckneyvillez,pinckneyvillez
puckettsa,puckettsa
puckettsb,puckettsb
puckettsc,puckettsc
puckettsd,puckettsd
puckettse,puckettse
rockbridgea,rockbridgea
rockbridgeb,rockbridgeb
rockbridgec,rockbridgec
rockbridged,rockbridged
rockbridgee,rockbridgee
rockbridgef,rockbridgef
rockbridgeg,rockbridgeg
rockycreeka,rockycreeka
rockycreekb,rockycreekb
rockycreekc,rockycreekc
sugarhilla,sugarhilla
sugarhillb,sugarhillb
sugarhillc,sugarhillc
sugarhilld,sugarhilld
sugarhille,sugarhille
sugarhillf,sugarhillf
sugarhillg,sugarhillg
suwaneea,suwaneea
suwaneeb,suwaneeb
suwaneec,suwaneec
suwaneed,suwaneed
suwaneee,suwaneee
suwaneef,suwaneef
suwaneeg,suwaneeg
suwaneeh,suwaneeh
