baconton,baconton
branchville,branchville
camillanorth,camillanorth
camillasouth,camillasouth
cotton,cotton
hinsonton,hinsonton
hopeful,hopeful
lester,lester
pebblecity,pebblecity
pelham,pelham
salecity,salecity
