austinmiddleschool,austinmiddleschool
burnthickorypark,burnthickorypark
carlscogginsmidsc,carlscogginsmiddleschool
hiramhighschool,hiramhighschool
mosesmiddleschool,mosesmiddleschool
neboelementarysch,neboelemschool
pauldingcohighsc,pauldingcohighschool
sararagsdaleelmsc,sararagsdaleelemschool
sheltonelemschool,sheltonelemschool
taylorfarmpark,taylorfarmpark
watsongovtcomplex,watsongovtcomplex
westridgechurch,westridgechurch
