brighton,brighton
brookfield,brookfield
chula,chula
docia,docia
eldorado,eldorado
mott-littmangym,mott-litmangym
omega,omega
tiftonlodge,tiftonlodge
tiftonnortheast,tiftonnortheast
tiftonnorthwest,tiftonnorthwest
tiftonsouth,tiftonsouth
tyty,tyty
